name,id,nametype,recclass,mass (g),fall,year,reclat,reclong,GeoLocation
Aachen,1,Valid,L5,21,Fell,01/01/1880 12:00:00 AM,50.775000,6.083330,"(50.775, 6.08333)"
Aarhus,2,Valid,H6,720,Fell,01/01/1951 12:00:00 AM,56.183330,10.233330,"(56.18333, 10.23333)"
Abee,6,Valid,EH4,107000,Fell,01/01/1952 12:00:00 AM,54.216670,-113.000000,"(54.21667, -113.0)"
Acapulco,10,Valid,Acapulcoite,1914,Fell,01/01/1976 12:00:00 AM,16.883330,-99.900000,"(16.88333, -99.9)"
Achiras,370,Valid,L6,780,Fell,01/01/1902 12:00:00 AM,-33.166670,-64.950000,"(-33.16667, -64.95)"
Adhi Kot,379,Valid,EH4,4239,Fell,01/01/1919 12:00:00 AM,32.100000,71.800000,"(32.1, 71.8)"
Adzhi-Bogdo (stone),390,Valid,LL3-6,910,Fell,01/01/1949 12:00:00 AM,44.833330,95.166670,"(44.83333, 95.16667)"
Agen,392,Valid,H5,30000,Fell,01/01/1814 12:00:00 AM,44.216670,0.616670,"(44.21667, 0.61667)"
Aguada,398,Valid,L6,1620,Fell,01/01/1930 12:00:00 AM,-31.600000,-65.233330,"(-31.6, -65.23333)"
Aguila Blanca,417,Valid,L,1440,Fell,01/01/1920 12:00:00 AM,-30.866670,-64.550000,"(-30.86667, -64.55)"
Aioun el Atrouss,423,Valid,Diogenite-pm,1000,Fell,01/01/1974 12:00:00 AM,16.398060,-9.570280,"(16.39806, -9.57028)"
Aïr,424,Valid,L6,24000,Fell,01/01/1925 12:00:00 AM,19.083330,8.383330,"(19.08333, 8.38333)"
Aire-sur-la-Lys,425,Valid,Unknown,,Fell,01/01/1769 12:00:00 AM,50.666670,2.333330,"(50.66667, 2.33333)"
Akaba,426,Valid,L6,779,Fell,01/01/1949 12:00:00 AM,29.516670,35.050000,"(29.51667, 35.05)"
Akbarpur,427,Valid,H4,1800,Fell,01/01/1838 12:00:00 AM,29.716670,77.950000,"(29.71667, 77.95)"
Akwanga,432,Valid,H,3000,Fell,01/01/1959 12:00:00 AM,8.916670,8.433330,"(8.91667, 8.43333)"
Akyumak,433,Valid,"Iron, IVA",50000,Fell,01/01/1981 12:00:00 AM,39.916670,42.816670,"(39.91667, 42.81667)"
Al Rais,446,Valid,CR2-an,160,Fell,01/01/1957 12:00:00 AM,24.416670,39.516670,"(24.41667, 39.51667)"
Al Zarnkh,447,Valid,LL5,700,Fell,01/01/2001 12:00:00 AM,13.660330,28.960000,"(13.66033, 28.96)"
Alais,448,Valid,CI1,6000,Fell,01/01/1806 12:00:00 AM,44.116670,4.083330,"(44.11667, 4.08333)"
Albareto,453,Valid,L/LL4,2000,Fell,01/01/1766 12:00:00 AM,44.650000,11.016670,"(44.65, 11.01667)"
Alberta,454,Valid,L,625,Fell,01/01/1949 12:00:00 AM,2.000000,22.666670,"(2.0, 22.66667)"
Alby sur Chéran,458,Valid,Eucrite-mmict,252,Fell,01/01/2002 12:00:00 AM,45.821330,6.015330,"(45.82133, 6.01533)"
Aldsworth,461,Valid,LL5,700,Fell,01/01/1835 12:00:00 AM,51.783330,-1.783330,"(51.78333, -1.78333)"
Aleppo,462,Valid,L6,3200,Fell,01/01/1873 12:00:00 AM,36.233330,37.133330,"(36.23333, 37.13333)"
Alessandria,463,Valid,H5,908,Fell,01/01/1860 12:00:00 AM,44.883330,8.750000,"(44.88333, 8.75)"
Alexandrovsky,465,Valid,H4,9251,Fell,01/01/1900 12:00:00 AM,50.950000,31.816670,"(50.95, 31.81667)"
Alfianello,466,Valid,L6,228000,Fell,01/01/1883 12:00:00 AM,45.266670,10.150000,"(45.26667, 10.15)"
Allegan,2276,Valid,H5,32000,Fell,01/01/1899 12:00:00 AM,42.533330,-85.883330,"(42.53333, -85.88333)"
Allende,2278,Valid,CV3,2000000,Fell,01/01/1969 12:00:00 AM,26.966670,-105.316670,"(26.96667, -105.31667)"
Almahata Sitta,48915,Valid,Ureilite-an,3950,Fell,01/01/2008 12:00:00 AM,20.745750,32.412750,"(20.74575, 32.41275)"
Alta'ameem,2284,Valid,LL5,6000,Fell,01/01/1977 12:00:00 AM,35.273330,44.215560,"(35.27333, 44.21556)"
Ambapur Nagla,2290,Valid,H5,6400,Fell,01/01/1895 12:00:00 AM,27.666670,78.250000,"(27.66667, 78.25)"
Andhara,2294,Valid,Stone-uncl,2700,Fell,01/01/1880 12:00:00 AM,26.583330,85.566670,"(26.58333, 85.56667)"
Andover,2295,Valid,L6,3200,Fell,01/01/1898 12:00:00 AM,44.616670,-70.750000,"(44.61667, -70.75)"
Andreevka,2296,Valid,L3,600,Fell,01/01/1969 12:00:00 AM,48.700000,37.500000,"(48.7, 37.5)"
Andura,2298,Valid,H6,17900,Fell,01/01/1939 12:00:00 AM,20.883330,76.866670,"(20.88333, 76.86667)"
Northwest Africa 5815,50693,Valid,L5,256.8,Found,,0.000000,0.000000,"(0.0, 0.0)"
Angers,2301,Valid,L6,,Fell,01/01/1822 12:00:00 AM,47.466670,-0.550000,"(47.46667, -0.55)"
Angra dos Reis (stone),2302,Valid,Angrite,1500,Fell,01/01/1869 12:00:00 AM,-22.966670,-44.316670,"(-22.96667, -44.31667)"
Ankober,2304,Valid,H4,6500,Fell,01/01/1942 12:00:00 AM,9.533330,39.716670,"(9.53333, 39.71667)"
Anlong,2305,Valid,H5,2500,Fell,01/01/1971 12:00:00 AM,25.150000,105.183330,"(25.15, 105.18333)"
Aomori,2313,Valid,L6,320,Fell,01/01/1984 12:00:00 AM,40.810560,140.785560,"(40.81056, 140.78556)"
Appley Bridge,2318,Valid,LL6,15000,Fell,01/01/1914 12:00:00 AM,53.583330,-2.716670,"(53.58333, -2.71667)"
Apt,2320,Valid,L6,3200,Fell,01/01/1803 12:00:00 AM,43.866670,5.383330,"(43.86667, 5.38333)"
Arbol Solo,2325,Valid,H5,810,Fell,01/01/1954 12:00:00 AM,-33.000000,-66.000000,"(-33.0, -66.0)"
Archie,2329,Valid,H6,5070,Fell,01/01/1932 12:00:00 AM,38.500000,-94.300000,"(38.5, -94.3)"
Arroyo Aguiar,2340,Valid,H5,7450,Fell,01/01/1950 12:00:00 AM,-31.416670,-60.666670,"(-31.41667, -60.66667)"
Asco,2345,Valid,H6,41,Fell,01/01/1805 12:00:00 AM,42.450000,9.033330,"(42.45, 9.03333)"
Ash Creek,48954,Valid,L6,9500,Fell,01/01/2009 12:00:00 AM,31.805000,-97.010000,"(31.805, -97.01)"
Ashdon,2346,Valid,L6,1300,Fell,01/01/1923 12:00:00 AM,52.050000,0.300000,"(52.05, 0.3)"
Assisi,2353,Valid,H5,2000,Fell,01/01/1886 12:00:00 AM,43.033330,12.550000,"(43.03333, 12.55)"
Atarra,4883,Valid,L4,1280,Fell,01/01/1920 12:00:00 AM,25.254170,80.625000,"(25.25417, 80.625)"
Atemajac,4884,Valid,L6,94.2,Fell,01/01/1896 12:00:00 AM,20.066670,-103.666670,"(20.06667, -103.66667)"
Athens,4885,Valid,LL6,265,Fell,01/01/1933 12:00:00 AM,34.750000,-87.000000,"(34.75, -87.0)"
Atoka,4888,Valid,L6,1384.2,Fell,01/01/1945 12:00:00 AM,34.316670,-96.150000,"(34.31667, -96.15)"
Aubres,4893,Valid,Aubrite,800,Fell,01/01/1836 12:00:00 AM,44.383330,5.166670,"(44.38333, 5.16667)"
Aumale,4899,Valid,L6,50000,Fell,01/01/1865 12:00:00 AM,36.166670,3.666670,"(36.16667, 3.66667)"
Aumieres,4900,Valid,L6,2000,Fell,01/01/1842 12:00:00 AM,44.333330,3.233330,"(44.33333, 3.23333)"
Ausson,4903,Valid,L5,50000,Fell,01/01/1858 12:00:00 AM,43.083330,0.583330,"(43.08333, 0.58333)"
Avanhandava,4905,Valid,H4,9330,Fell,01/01/1952 12:00:00 AM,-21.460280,-49.950830,"(-21.46028, -49.95083)"
Avce,4906,Valid,"Iron, IIAB",1230,Fell,01/01/1908 12:00:00 AM,46.000000,13.500000,"(46.0, 13.5)"
Avilez,4907,Valid,H,146,Fell,01/01/1855 12:00:00 AM,25.000000,-103.500000,"(25.0, -103.5)"
Awere,4910,Valid,L4,134,Fell,01/01/1968 12:00:00 AM,2.716670,32.833330,"(2.71667, 32.83333)"
Aztec,4913,Valid,L6,2830,Fell,01/01/1938 12:00:00 AM,36.800000,-108.000000,"(36.8, -108.0)"
Bachmut,4917,Valid,L6,18000,Fell,01/01/1814 12:00:00 AM,48.600000,38.000000,"(48.6, 38.0)"
Bahjoi,4922,Valid,"Iron, IAB-sLL",10322,Fell,01/01/1934 12:00:00 AM,28.483330,78.500000,"(28.48333, 78.5)"
Bald Mountain,4925,Valid,L4,3700,Fell,01/01/1929 12:00:00 AM,35.966670,-82.483330,"(35.96667, -82.48333)"
Baldwyn,4926,Valid,L6,345,Fell,01/01/1922 12:00:00 AM,34.500000,-88.666670,"(34.5, -88.66667)"
Bali,4928,Valid,CV3,1000,Fell,01/01/1907 12:00:00 AM,5.383330,16.383330,"(5.38333, 16.38333)"
Ban Rong Du,4934,Valid,"Iron, ungrouped",16700,Fell,01/01/1993 12:00:00 AM,16.666670,101.183330,"(16.66667, 101.18333)"
Bandong,4935,Valid,LL6,11500,Fell,01/01/1871 12:00:00 AM,-6.916670,107.600000,"(-6.91667, 107.6)"
Bansur,4936,Valid,L6,15000,Fell,01/01/1892 12:00:00 AM,27.700000,76.333330,"(27.7, 76.33333)"
Banswal,4937,Valid,L5,14,Fell,01/01/1913 12:00:00 AM,30.400000,78.200000,"(30.4, 78.2)"
Banten,4938,Valid,CM2,629,Fell,01/01/1933 12:00:00 AM,-6.333330,106.000000,"(-6.33333, 106.0)"
Barbotan,4942,Valid,H5,6400,Fell,01/01/1790 12:00:00 AM,43.950000,-0.050000,"(43.95, -0.05)"
Barcelona (stone),4944,Valid,OC,,Fell,01/01/1704 12:00:00 AM,41.366670,2.166670,"(41.36667, 2.16667)"
Barea,4946,Valid,Mesosiderite-A1,3200,Fell,01/01/1842 12:00:00 AM,42.383330,-2.500000,"(42.38333, -2.5)"
Barnaul,4947,Valid,H5,23.2,Fell,01/01/1904 12:00:00 AM,52.733330,84.083330,"(52.73333, 84.08333)"
Barntrup,4948,Valid,LL4,17,Fell,01/01/1886 12:00:00 AM,52.000000,9.100000,"(52.0, 9.1)"
Baroti,4949,Valid,L6,4500,Fell,01/01/1910 12:00:00 AM,31.616670,76.800000,"(31.61667, 76.8)"
Barwell,4954,Valid,L5,44000,Fell,01/01/1965 12:00:00 AM,52.565280,-1.339720,"(52.56528, -1.33972)"
Bassikounou,44876,Valid,H5,29560,Fell,01/01/2006 12:00:00 AM,15.783330,-5.900000,"(15.78333, -5.9)"
Baszkówka,4957,Valid,L5,15500,Fell,01/01/1994 12:00:00 AM,52.033330,20.935830,"(52.03333, 20.93583)"
Bath,4974,Valid,H4,21000,Fell,01/01/1892 12:00:00 AM,45.416670,-98.316670,"(45.41667, -98.31667)"
Bath Furnace,4975,Valid,L6,86000,Fell,01/01/1902 12:00:00 AM,38.250000,-83.750000,"(38.25, -83.75)"
Battle Mountain,56133,Valid,L6,2900,Fell,01/01/2012 12:00:00 AM,40.668130,-117.189130,"(40.66813, -117.18913)"
Bawku,4976,Valid,LL5,1557,Fell,01/01/1989 12:00:00 AM,11.083330,-0.183330,"(11.08333, -0.18333)"
Baxter,4977,Valid,L6,611,Fell,01/01/1916 12:00:00 AM,36.750000,-93.500000,"(36.75, -93.5)"
Beardsley,4984,Valid,H5,16000,Fell,01/01/1929 12:00:00 AM,39.800000,-101.200000,"(39.8, -101.2)"
Beaver Creek,4986,Valid,H5,14000,Fell,01/01/1893 12:00:00 AM,51.166670,-117.333330,"(51.16667, -117.33333)"
Beddgelert,4993,Valid,H5,794,Fell,01/01/1949 12:00:00 AM,53.016670,-4.100000,"(53.01667, -4.1)"
Bells,5005,Valid,C2-ung,375,Fell,01/01/1961 12:00:00 AM,33.600000,-96.466670,"(33.6, -96.46667)"
Belville,5009,Valid,OC,,Fell,01/01/1937 12:00:00 AM,-32.333330,-64.866670,"(-32.33333, -64.86667)"
Benares (a),5011,Valid,LL4,3700,Fell,01/01/1798 12:00:00 AM,25.366670,82.916670,"(25.36667, 82.91667)"
Benguerir,30443,Valid,LL6,25000,Fell,01/01/2004 12:00:00 AM,32.250000,-8.150000,"(32.25, -8.15)"
Beni M'hira,5018,Valid,L6,19000,Fell,01/01/2001 12:00:00 AM,32.866670,10.800000,"(32.86667, 10.8)"
Benld,5021,Valid,H6,1770.5,Fell,01/01/1938 12:00:00 AM,39.083330,-89.150000,"(39.08333, -89.15)"
Benoni,5023,Valid,H6,3880,Fell,01/01/1943 12:00:00 AM,-26.166670,28.416670,"(-26.16667, 28.41667)"
Bensour,5024,Valid,LL6,45000,Fell,01/01/2002 12:00:00 AM,30.000000,-7.000000,"(30.0, -7.0)"
Benton,5026,Valid,LL6,2840,Fell,01/01/1949 12:00:00 AM,45.950000,-67.550000,"(45.95, -67.55)"
Berduc,48975,Valid,L6,270,Fell,01/01/2008 12:00:00 AM,-31.910000,-58.328330,"(-31.91, -58.32833)"
Béréba,5028,Valid,Eucrite-mmict,18000,Fell,01/01/1924 12:00:00 AM,11.650000,-3.650000,"(11.65, -3.65)"
Berlanguillas,5029,Valid,L6,1440,Fell,01/01/1811 12:00:00 AM,41.683330,-3.800000,"(41.68333, -3.8)"
Berthoud,47355,Valid,Eucrite-mmict,960,Fell,01/01/2004 12:00:00 AM,40.305830,-105.023250,"(40.30583, -105.02325)"
Bethlehem,5032,Valid,H,13.9,Fell,01/01/1859 12:00:00 AM,42.533330,-73.833330,"(42.53333, -73.83333)"
Beuste,5034,Valid,L5,2000,Fell,01/01/1859 12:00:00 AM,43.216670,-0.233330,"(43.21667, -0.23333)"
Beyrout,5035,Valid,LL3.8,1100,Fell,01/01/1921 12:00:00 AM,33.883330,35.500000,"(33.88333, 35.5)"
Bhagur,5037,Valid,L6,18,Fell,01/01/1877 12:00:00 AM,20.883330,74.833330,"(20.88333, 74.83333)"
Bhawad,36591,Valid,LL6,678,Fell,01/01/2002 12:00:00 AM,26.508330,73.115280,"(26.50833, 73.11528)"
Bherai,5039,Valid,L6,100,Fell,01/01/1893 12:00:00 AM,20.833330,71.466670,"(20.83333, 71.46667)"
Bhola,5040,Valid,LL3-6,1047,Fell,01/01/1940 12:00:00 AM,22.683330,90.650000,"(22.68333, 90.65)"
Bholghati,5041,Valid,Howardite,2500,Fell,01/01/1905 12:00:00 AM,22.083330,86.900000,"(22.08333, 86.9)"
Bialystok,5042,Valid,Eucrite-pmict,4000,Fell,01/01/1827 12:00:00 AM,53.100000,23.200000,"(53.1, 23.2)"
Bielokrynitschie,5043,Valid,H4,1900,Fell,01/01/1887 12:00:00 AM,50.133330,27.166670,"(50.13333, 27.16667)"
Bilanga,5045,Valid,Diogenite,25000,Fell,01/01/1999 12:00:00 AM,12.450000,-0.083330,"(12.45, -0.08333)"
Binningup,5051,Valid,H5,488.1,Fell,01/01/1984 12:00:00 AM,-33.156390,115.676390,"(-33.15639, 115.67639)"
Birni N'konni,5056,Valid,H4,560,Fell,01/01/1923 12:00:00 AM,13.766670,5.300000,"(13.76667, 5.3)"
Bishopville,5059,Valid,Aubrite,6000,Fell,01/01/1843 12:00:00 AM,34.166670,-80.283330,"(34.16667, -80.28333)"
Bishunpur,5060,Valid,LL3.15,1039,Fell,01/01/1895 12:00:00 AM,25.383330,82.600000,"(25.38333, 82.6)"
Bjelaja Zerkov,5063,Valid,H6,1850,Fell,01/01/1796 12:00:00 AM,49.783330,30.166670,"(49.78333, 30.16667)"
Bjurböle,5064,Valid,L/LL4,330000,Fell,01/01/1899 12:00:00 AM,60.400000,25.800000,"(60.4, 25.8)"
Black Moshannan Park,5065,Valid,L5,705,Fell,01/01/1941 12:00:00 AM,40.916670,-78.083330,"(40.91667, -78.08333)"
Blackwell,5068,Valid,L5,2381,Fell,01/01/1906 12:00:00 AM,36.833330,-97.333330,"(36.83333, -97.33333)"
Blanket,5071,Valid,L6,5100,Fell,01/01/1909 12:00:00 AM,31.833330,-98.833330,"(31.83333, -98.83333)"
Blansko,5072,Valid,H6,470,Fell,01/01/1833 12:00:00 AM,49.366670,16.633330,"(49.36667, 16.63333)"
Bloomington,5076,Valid,LL6,67.8,Fell,01/01/1938 12:00:00 AM,40.480000,-89.004170,"(40.48, -89.00417)"
Bo Xian,5090,Valid,LL3.9,7500,Fell,01/01/1977 12:00:00 AM,33.833330,115.833330,"(33.83333, 115.83333)"
Bocas,5093,Valid,L6,56,Fell,01/01/1804 12:00:00 AM,23.000000,-102.000000,"(23.0, -102.0)"
Bogou,5097,Valid,"Iron, IAB-MG",8800,Fell,01/01/1962 12:00:00 AM,12.500000,0.700000,"(12.5, 0.7)"
Boguslavka,5098,Valid,"Iron, IIAB",256000,Fell,01/01/1916 12:00:00 AM,44.550000,131.633330,"(44.55, 131.63333)"
Borgo San Donino,5110,Valid,LL6,1676,Fell,01/01/1808 12:00:00 AM,44.866670,10.050000,"(44.86667, 10.05)"
Bori,5111,Valid,L6,8600,Fell,01/01/1894 12:00:00 AM,21.950000,78.033330,"(21.95, 78.03333)"
Boriskino,5112,Valid,CM2,1342,Fell,01/01/1930 12:00:00 AM,54.233330,52.483330,"(54.23333, 52.48333)"
Borkut,5113,Valid,L5,7000,Fell,01/01/1852 12:00:00 AM,48.150000,24.283330,"(48.15, 24.28333)"
Borodino,5114,Valid,H5,500,Fell,01/01/1812 12:00:00 AM,55.466670,35.866670,"(55.46667, 35.86667)"
Botschetschki,5117,Valid,L4,614,Fell,01/01/1823 12:00:00 AM,51.333330,33.883330,"(51.33333, 33.88333)"
Boumdeid (2003),57168,Valid,L6,190,Fell,01/01/2003 12:00:00 AM,17.710670,-11.371500,"(17.71067, -11.3715)"
Boumdeid (2011),57167,Valid,L6,3599,Fell,01/01/2011 12:00:00 AM,17.174930,-11.341330,"(17.17493, -11.34133)"
Bovedy,5121,Valid,L3,5460,Fell,01/01/1969 12:00:00 AM,54.566670,-6.333330,"(54.56667, -6.33333)"
Bradford Woods,5128,Valid,L,762,Fell,01/01/1886 12:00:00 AM,40.500000,-80.083330,"(40.5, -80.08333)"
Braunau,5133,Valid,"Iron, IIAB",39000,Fell,01/01/1847 12:00:00 AM,50.600000,16.300000,"(50.6, 16.3)"
Breitscheid,5134,Valid,H5,1500,Fell,01/01/1956 12:00:00 AM,50.666940,8.183610,"(50.66694, 8.18361)"
Bremervörde,5135,Valid,H/L3.9,7250,Fell,01/01/1855 12:00:00 AM,53.400000,9.100000,"(53.4, 9.1)"
Brient,5140,Valid,Eucrite-pmict,219,Fell,01/01/1933 12:00:00 AM,52.133330,59.316670,"(52.13333, 59.31667)"
Bruderheim,5156,Valid,L6,303000,Fell,01/01/1960 12:00:00 AM,53.900000,-112.883330,"(53.9, -112.88333)"
Bukhara,30448,Valid,CV3,5300,Fell,01/01/2001 12:00:00 AM,39.779780,64.600350,"(39.77978, 64.60035)"
Bulls Run,5163,Valid,Iron?,2250,Fell,01/01/1964 12:00:00 AM,,,
Bunburra Rockhole,48653,Valid,Eucrite,324,Fell,01/01/2007 12:00:00 AM,-31.350000,129.190000,"(-31.35, 129.19)"
Bununu,5165,Valid,Howardite,357,Fell,01/01/1942 12:00:00 AM,10.016670,9.583330,"(10.01667, 9.58333)"
Bur-Gheluai,5169,Valid,H5,120000,Fell,01/01/1919 12:00:00 AM,5.000000,48.000000,"(5.0, 48.0)"
Burnwell,5175,Valid,H4-an,1504,Fell,01/01/1990 12:00:00 AM,37.621940,-82.237220,"(37.62194, -82.23722)"
Bursa,5177,Valid,L6,25000,Fell,01/01/1946 12:00:00 AM,40.200000,29.233330,"(40.2, 29.23333)"
Buschhof,5178,Valid,L6,5000,Fell,01/01/1863 12:00:00 AM,46.450000,25.783330,"(46.45, 25.78333)"
Bustee,5181,Valid,Aubrite,1500,Fell,01/01/1852 12:00:00 AM,26.783330,82.833330,"(26.78333, 82.83333)"
Butsura,5183,Valid,H6,29000,Fell,01/01/1861 12:00:00 AM,27.083330,84.083330,"(27.08333, 84.08333)"
Buzzard Coulee,48654,Valid,H4,41000,Fell,01/01/2008 12:00:00 AM,52.996000,-109.848170,"(52.996, -109.84817)"
Cabezo de Mayo,5185,Valid,L/LL6,25000,Fell,01/01/1870 12:00:00 AM,37.983330,-1.166670,"(37.98333, -1.16667)"
Cabin Creek,5186,Valid,"Iron, IIIAB",48500,Fell,01/01/1886 12:00:00 AM,35.500000,-93.500000,"(35.5, -93.5)"
Cacak,5187,Valid,OC,212,Fell,01/01/1919 12:00:00 AM,43.838890,20.333330,"(43.83889, 20.33333)"
Cali,45976,Valid,H/L4,478,Fell,01/01/2007 12:00:00 AM,3.405000,-76.510000,"(3.405, -76.51)"
Calivo,5200,Valid,Stone-uncl,2400,Fell,01/01/1916 12:00:00 AM,11.750000,122.333330,"(11.75, 122.33333)"
Campos Sales,5249,Valid,L5,23680,Fell,01/01/1991 12:00:00 AM,-7.033330,-40.166670,"(-7.03333, -40.16667)"
Çanakkale,5250,Valid,L6,4000,Fell,01/01/1964 12:00:00 AM,39.800000,26.600000,"(39.8, 26.6)"
Cañellas,5251,Valid,H4,945,Fell,01/01/1861 12:00:00 AM,41.250000,1.666670,"(41.25, 1.66667)"
Cangas de Onis,5252,Valid,H5,34000,Fell,01/01/1866 12:00:00 AM,43.383330,-5.150000,"(43.38333, -5.15)"
Canon City,5253,Valid,H6,1400,Fell,01/01/1973 12:00:00 AM,38.470280,-105.241390,"(38.47028, -105.24139)"
Cape Girardeau,5260,Valid,H6,2300,Fell,01/01/1846 12:00:00 AM,37.266670,-89.583330,"(37.26667, -89.58333)"
Capilla del Monte,5264,Valid,H6,750,Fell,01/01/1934 12:00:00 AM,-30.883330,-64.550000,"(-30.88333, -64.55)"
Carancas,45817,Valid,H4-5,342,Fell,01/01/2007 12:00:00 AM,-16.664440,-69.043890,"(-16.66444, -69.04389)"
Caratash,5265,Valid,LL6,8,Fell,01/01/1902 12:00:00 AM,38.500000,27.000000,"(38.5, 27.0)"
Castalia,5291,Valid,H5,7300,Fell,01/01/1874 12:00:00 AM,36.083330,-78.066670,"(36.08333, -78.06667)"
Castel Berardenga,5292,Valid,Stone-uncl,,Fell,01/01/1791 12:00:00 AM,43.350000,11.500000,"(43.35, 11.5)"
Castine,5293,Valid,L6,94,Fell,01/01/1848 12:00:00 AM,44.383330,-68.750000,"(44.38333, -68.75)"
Castrovillari,5295,Valid,Stone-uncl,15000,Fell,01/01/1583 12:00:00 AM,39.800000,16.200000,"(39.8, 16.2)"
Caswell County,5296,Valid,OC,1360,Fell,01/01/1810 12:00:00 AM,36.500000,-79.250000,"(36.5, -79.25)"
Ceniceros,5306,Valid,L3.7,1025,Fell,01/01/1988 12:00:00 AM,26.466670,-105.233330,"(26.46667, -105.23333)"
Centerville,5307,Valid,H5,45.6,Fell,01/01/1956 12:00:00 AM,43.200000,-96.916670,"(43.2, -96.91667)"
Cereseto,5308,Valid,H5,6460,Fell,01/01/1840 12:00:00 AM,45.083330,8.300000,"(45.08333, 8.3)"
Chadong,5313,Valid,L6,3700,Fell,01/01/1998 12:00:00 AM,28.533330,109.316670,"(28.53333, 109.31667)"
Chail,5314,Valid,H6,0.5,Fell,01/01/1814 12:00:00 AM,25.366670,81.666670,"(25.36667, 81.66667)"
Chainpur,5315,Valid,LL3.4,8200,Fell,01/01/1907 12:00:00 AM,25.850000,83.483330,"(25.85, 83.48333)"
Chajari,5316,Valid,L5,18300,Fell,01/01/1933 12:00:00 AM,-30.783330,-58.050000,"(-30.78333, -58.05)"
Chandakapur,5320,Valid,L5,8800,Fell,01/01/1838 12:00:00 AM,20.266670,76.016670,"(20.26667, 76.01667)"
Chandpur,5321,Valid,L6,1100,Fell,01/01/1885 12:00:00 AM,27.283330,79.050000,"(27.28333, 79.05)"
Changde,5322,Valid,H5,1810,Fell,01/01/1977 12:00:00 AM,29.083330,111.750000,"(29.08333, 111.75)"
Chantonnay,5325,Valid,L6,31500,Fell,01/01/1812 12:00:00 AM,46.683330,1.050000,"(46.68333, 1.05)"
Charlotte,5328,Valid,"Iron, IVA",4300,Fell,01/01/1835 12:00:00 AM,36.166670,-87.333330,"(36.16667, -87.33333)"
Charsonville,5329,Valid,H6,27000,Fell,01/01/1810 12:00:00 AM,47.933330,1.566670,"(47.93333, 1.56667)"
Charwallas,5330,Valid,H6,12000,Fell,01/01/1834 12:00:00 AM,29.483330,75.500000,"(29.48333, 75.5)"
Chassigny,5331,Valid,Martian (chassignite),4000,Fell,01/01/1815 12:00:00 AM,47.716670,5.366670,"(47.71667, 5.36667)"
Château-Renard,5332,Valid,L6,30000,Fell,01/01/1841 12:00:00 AM,47.933330,2.916670,"(47.93333, 2.91667)"
Chaves,5334,Valid,Howardite,2945,Fell,01/01/1925 12:00:00 AM,41.933330,-7.466670,"(41.93333, -7.46667)"
Chela,5338,Valid,H4,2936,Fell,01/01/1988 12:00:00 AM,-3.666670,32.500000,"(-3.66667, 32.5)"
Chelyabinsk,57165,Valid,LL5,100000,Fell,01/01/2013 12:00:00 AM,54.816670,61.116670,"(54.81667, 61.11667)"
Chergach ,47347,Valid,H5,100000,Fell,01/01/2007 12:00:00 AM,23.696390,-5.014720,"(23.69639, -5.01472)"
Chernyi Bor,5339,Valid,H4,6000,Fell,01/01/1964 12:00:00 AM,53.700000,30.100000,"(53.7, 30.1)"
Cherokee Springs,5340,Valid,LL6,8400,Fell,01/01/1933 12:00:00 AM,35.033330,-81.883330,"(35.03333, -81.88333)"
Chervettaz,5341,Valid,L5,705,Fell,01/01/1901 12:00:00 AM,46.550000,6.816670,"(46.55, 6.81667)"
Chervony Kut,5342,Valid,Eucrite-mmict,1700,Fell,01/01/1939 12:00:00 AM,50.833330,34.000000,"(50.83333, 34.0)"
Chetrinahatti,5344,Valid,Stone-uncl,72,Fell,01/01/1880 12:00:00 AM,14.500000,76.500000,"(14.5, 76.5)"
Chiang Khan,5345,Valid,H6,367,Fell,01/01/1981 12:00:00 AM,17.900000,101.633330,"(17.9, 101.63333)"
Chicora,5349,Valid,LL6,303,Fell,01/01/1938 12:00:00 AM,40.933330,-79.733330,"(40.93333, -79.73333)"
Chisenga,5355,Valid,"Iron, IIIAB",3920,Fell,01/01/1988 12:00:00 AM,-10.059440,33.395000,"(-10.05944, 33.395)"
Chitado,5356,Valid,L6,,Fell,01/01/1966 12:00:00 AM,-17.350000,13.966670,"(-17.35, 13.96667)"
Chitenay,5357,Valid,L6,4000,Fell,01/01/1978 12:00:00 AM,47.470830,0.976670,"(47.47083, 0.97667)"
Cilimus,5364,Valid,L5,1600,Fell,01/01/1979 12:00:00 AM,-6.950000,108.100000,"(-6.95, 108.1)"
Claxton,5374,Valid,L6,1455,Fell,01/01/1984 12:00:00 AM,32.102500,-81.872780,"(32.1025, -81.87278)"
Clohars,5383,Valid,L4,48.6,Fell,01/01/1822 12:00:00 AM,,,
Colby (Wisconsin),5395,Valid,L6,104000,Fell,01/01/1917 12:00:00 AM,44.900000,-90.283330,"(44.9, -90.28333)"
Cold Bokkeveld,5397,Valid,CM2,5200,Fell,01/01/1838 12:00:00 AM,-33.133330,19.383330,"(-33.13333, 19.38333)"
Coleman,5401,Valid,L6,469,Fell,01/01/1994 12:00:00 AM,43.761110,-84.507780,"(43.76111, -84.50778)"
Collescipoli,5403,Valid,H5,5000,Fell,01/01/1890 12:00:00 AM,42.533330,12.616670,"(42.53333, 12.61667)"
Conquista,5418,Valid,H4,20350,Fell,01/01/1965 12:00:00 AM,-19.850000,-47.550000,"(-19.85, -47.55)"
Cosina,5451,Valid,H5,1200,Fell,01/01/1844 12:00:00 AM,21.166670,-100.866670,"(21.16667, -100.86667)"
Cranganore,5465,Valid,L6,1460,Fell,01/01/1917 12:00:00 AM,10.200000,76.266670,"(10.2, 76.26667)"
Crescent,5470,Valid,CM2,78.400000000000006,Fell,01/01/1936 12:00:00 AM,35.950000,-97.583330,"(35.95, -97.58333)"
Cronstad,5474,Valid,H5,3650,Fell,01/01/1877 12:00:00 AM,-27.700000,27.300000,"(-27.7, 27.3)"
Cross Roads,5476,Valid,H5,167,Fell,01/01/1892 12:00:00 AM,35.633330,-78.133330,"(35.63333, -78.13333)"
Crumlin,5477,Valid,L5,4255,Fell,01/01/1902 12:00:00 AM,54.616670,-6.216670,"(54.61667, -6.21667)"
Cumberland Falls,5496,Valid,Aubrite,17000,Fell,01/01/1919 12:00:00 AM,36.833330,-84.350000,"(36.83333, -84.35)"
Cynthiana,5500,Valid,L/LL4,6000,Fell,01/01/1877 12:00:00 AM,38.400000,-84.250000,"(38.4, -84.25)"
Dahmani,5504,Valid,LL6,18000,Fell,01/01/1981 12:00:00 AM,35.616670,8.833330,"(35.61667, 8.83333)"
Dandapur,5511,Valid,L6,5650,Fell,01/01/1878 12:00:00 AM,26.916670,83.966670,"(26.91667, 83.96667)"
Daniel's Kuil,5513,Valid,EL6,1064,Fell,01/01/1868 12:00:00 AM,-28.200000,24.566670,"(-28.2, 24.56667)"
Danville,5514,Valid,L6,2000,Fell,01/01/1868 12:00:00 AM,34.400000,-87.066670,"(34.4, -87.06667)"
Darmstadt,6603,Valid,H5,100,Fell,01/01/1804 12:00:00 AM,49.866670,8.650000,"(49.86667, 8.65)"
Dashoguz,6604,Valid,H5,7000,Fell,01/01/1998 12:00:00 AM,41.984440,59.685000,"(41.98444, 59.685)"
Daule,51559,Valid,L5,6580,Fell,01/01/2008 12:00:00 AM,-1.870890,-79.957560,"(-1.87089, -79.95756)"
De Cewsville,6621,Valid,H6,340,Fell,01/01/1887 12:00:00 AM,43.000000,-80.000000,"(43.0, -80.0)"
Deal,6634,Valid,L6,28,Fell,01/01/1829 12:00:00 AM,40.250000,-74.000000,"(40.25, -74.0)"
Delhi,6642,Valid,L5,0.8,Fell,01/01/1897 12:00:00 AM,28.566670,77.250000,"(28.56667, 77.25)"
Demina,6649,Valid,L6,16400,Fell,01/01/1911 12:00:00 AM,51.466670,84.766670,"(51.46667, 84.76667)"
Denver,6660,Valid,L6,230,Fell,01/01/1967 12:00:00 AM,39.782500,-104.930560,"(39.7825, -104.93056)"
Dergaon,6664,Valid,H5,12500,Fell,01/01/2001 12:00:00 AM,26.683330,93.866670,"(26.68333, 93.86667)"
Desuri,6693,Valid,H6,25400,Fell,01/01/1962 12:00:00 AM,25.733330,73.616670,"(25.73333, 73.61667)"
Devgaon,6694,Valid,H3.8,12000,Fell,01/01/2001 12:00:00 AM,19.000000,81.000000,"(19.0, 81.0)"
Devri-Khera,6696,Valid,L6,1140,Fell,01/01/1994 12:00:00 AM,24.225000,76.525000,"(24.225, 76.525)"
Dhajala,6698,Valid,H3.8,45000,Fell,01/01/1976 12:00:00 AM,22.377780,71.427220,"(22.37778, 71.42722)"
Dharwar,6699,Valid,OC,1800,Fell,01/01/1848 12:00:00 AM,14.883330,75.600000,"(14.88333, 75.6)"
Dhurmsala,7640,Valid,LL6,32000,Fell,01/01/1860 12:00:00 AM,32.233330,76.466670,"(32.23333, 76.46667)"
Didim,47350,Valid,H3-5,3396,Fell,01/01/2007 12:00:00 AM,37.351720,27.329970,"(37.35172, 27.32997)"
Diep River,7642,Valid,L6,1000,Fell,01/01/1906 12:00:00 AM,-33.750000,18.566670,"(-33.75, 18.56667)"
Distrito Quebracho,7649,Valid,H4,400,Fell,01/01/1957 12:00:00 AM,-31.883330,-60.466670,"(-31.88333, -60.46667)"
Djati-Pengilon,7652,Valid,H6,166000,Fell,01/01/1884 12:00:00 AM,-7.500000,111.500000,"(-7.5, 111.5)"
Djermaia,7656,Valid,H,3950,Fell,01/01/1961 12:00:00 AM,12.733330,15.050000,"(12.73333, 15.05)"
Djoumine,7657,Valid,H5-6,10000,Fell,01/01/1999 12:00:00 AM,36.950000,9.550000,"(36.95, 9.55)"
Dokachi,7658,Valid,H5,3840,Fell,01/01/1903 12:00:00 AM,23.500000,90.333330,"(23.5, 90.33333)"
Dolgovoli,7659,Valid,L6,1600,Fell,01/01/1864 12:00:00 AM,50.750000,25.300000,"(50.75, 25.3)"
Domanitch,7661,Valid,L5,438,Fell,01/01/1907 12:00:00 AM,40.000000,29.000000,"(40.0, 29.0)"
Dong Ujimqin Qi,7706,Valid,Mesosiderite,128800,Fell,01/01/1995 12:00:00 AM,45.500000,119.033330,"(45.5, 119.03333)"
Donga Kohrod,7707,Valid,H6,230,Fell,01/01/1899 12:00:00 AM,21.866670,82.450000,"(21.86667, 82.45)"
Dongtai,7708,Valid,LL6,5500,Fell,01/01/1970 12:00:00 AM,32.916670,120.783330,"(32.91667, 120.78333)"
Doroninsk,7718,Valid,H5-7,3891,Fell,01/01/1805 12:00:00 AM,51.200000,112.300000,"(51.2, 112.3)"
Dosso,7722,Valid,L6,1250,Fell,01/01/1962 12:00:00 AM,13.050000,3.166670,"(13.05, 3.16667)"
Douar Mghila,7723,Valid,LL6,1161,Fell,01/01/1932 12:00:00 AM,32.333330,-6.300000,"(32.33333, -6.3)"
Dowa,7725,Valid,Stone-uncl,642,Fell,01/01/1976 12:00:00 AM,-13.666670,33.916670,"(-13.66667, 33.91667)"
Drake Creek,7728,Valid,L6,5000,Fell,01/01/1827 12:00:00 AM,36.400000,-86.500000,"(36.4, -86.5)"
Dresden (Ontario),7731,Valid,H6,47700,Fell,01/01/1939 12:00:00 AM,42.520000,-82.260000,"(42.52, -82.26)"
Dubrovnik,7736,Valid,L3-6,1900,Fell,01/01/1951 12:00:00 AM,42.458330,18.441670,"(42.45833, 18.44167)"
Dunbogan,7743,Valid,L6,30,Fell,01/01/1999 12:00:00 AM,-31.666670,152.833330,"(-31.66667, 152.83333)"
Dundrum,7745,Valid,H5,2270,Fell,01/01/1865 12:00:00 AM,52.550000,-8.033330,"(52.55, -8.03333)"
Dunhua,7749,Valid,Stone-uncl,,Fell,01/01/1976 12:00:00 AM,43.333330,128.250000,"(43.33333, 128.25)"
Durala,7750,Valid,L6,13200,Fell,01/01/1815 12:00:00 AM,30.300000,76.633330,"(30.3, 76.63333)"
Duruma,7752,Valid,L6,577,Fell,01/01/1853 12:00:00 AM,-4.000000,39.500000,"(-4.0, 39.5)"
Duwun,7754,Valid,L6,2117,Fell,01/01/1943 12:00:00 AM,33.433330,127.266670,"(33.43333, 127.26667)"
Dwaleni,7755,Valid,H4-6,3230,Fell,01/01/1970 12:00:00 AM,-27.200000,31.316670,"(-27.2, 31.31667)"
Dyalpur,7757,Valid,Ureilite,300,Fell,01/01/1872 12:00:00 AM,26.250000,82.000000,"(26.25, 82.0)"
Dyarrl Island,7758,Valid,Mesosiderite-A1,188,Fell,01/01/1933 12:00:00 AM,-3.000000,151.000000,"(-3.0, 151.0)"
Eagle,7760,Valid,EL6,10000,Fell,01/01/1947 12:00:00 AM,40.781670,-96.471670,"(40.78167, -96.47167)"
Ehole,7774,Valid,H5,2400,Fell,01/01/1961 12:00:00 AM,-17.300000,15.833330,"(-17.3, 15.83333)"
Eichstädt,7775,Valid,H5,3000,Fell,01/01/1785 12:00:00 AM,48.900000,11.216670,"(48.9, 11.21667)"
Ekeby,7776,Valid,H4,3336,Fell,01/01/1939 12:00:00 AM,56.033330,13.000000,"(56.03333, 13.0)"
Ekh Khera,7777,Valid,H6,840,Fell,01/01/1916 12:00:00 AM,28.266670,78.783330,"(28.26667, 78.78333)"
El Idrissia,7807,Valid,L6,10000,Fell,01/01/1989 12:00:00 AM,34.416670,3.250000,"(34.41667, 3.25)"
El Paso de Aguila,45977,Valid,H5,17226,Fell,01/01/1977 12:00:00 AM,25.370000,-97.370000,"(25.37, -97.37)"
El Tigre,7819,Valid,L6,5000,Fell,01/01/1993 12:00:00 AM,19.967220,-103.051670,"(19.96722, -103.05167)"
Elbert,7822,Valid,LL6,680.5,Fell,01/01/1998 12:00:00 AM,39.246670,-104.588170,"(39.24667, -104.58817)"
Elbogen,7823,Valid,"Iron, IID",107000,Fell,12/24/1399 12:00:00 AM,50.183330,12.733330,"(50.18333, 12.73333)"
Elenovka,7824,Valid,L5,54640,Fell,01/01/1951 12:00:00 AM,47.833330,37.666670,"(47.83333, 37.66667)"
Ellemeet,10019,Valid,Diogenite,1470,Fell,01/01/1925 12:00:00 AM,51.750000,4.000000,"(51.75, 4.0)"
Emmaville,10033,Valid,Eucrite-mmict,127,Fell,01/01/1900 12:00:00 AM,-29.466670,151.616670,"(-29.46667, 151.61667)"
Enshi,10038,Valid,H5,8000,Fell,01/01/1974 12:00:00 AM,30.300000,109.500000,"(30.3, 109.5)"
Ensisheim,10039,Valid,LL6,127000,Fell,12/23/1491 12:00:00 AM,47.866670,7.350000,"(47.86667, 7.35)"
Épinal,10041,Valid,H5,277,Fell,01/01/1822 12:00:00 AM,48.183330,6.466670,"(48.18333, 6.46667)"
Erakot,10042,Valid,CM2,113,Fell,01/01/1940 12:00:00 AM,19.033330,81.891670,"(19.03333, 81.89167)"
Erevan,10043,Valid,Howardite,107.2,Fell,01/01/1911 12:00:00 AM,40.300000,44.500000,"(40.3, 44.5)"
Ergheo,10044,Valid,L5,20000,Fell,01/01/1889 12:00:00 AM,1.166670,44.166670,"(1.16667, 44.16667)"
Erxleben,10049,Valid,H6,2250,Fell,01/01/1812 12:00:00 AM,52.216670,11.250000,"(52.21667, 11.25)"
Esnandes,10051,Valid,L6,1500,Fell,01/01/1837 12:00:00 AM,46.250000,-1.100000,"(46.25, -1.1)"
Essebi,10055,Valid,C2-ung,500,Fell,01/01/1957 12:00:00 AM,2.883330,30.833330,"(2.88333, 30.83333)"
Estherville,10059,Valid,Mesosiderite-A3/4,320000,Fell,01/01/1879 12:00:00 AM,43.416670,-94.833330,"(43.41667, -94.83333)"
Farmington,10074,Valid,L5,89400,Fell,01/01/1890 12:00:00 AM,39.750000,-97.033330,"(39.75, -97.03333)"
Farmville,10075,Valid,H4,56000,Fell,01/01/1934 12:00:00 AM,35.550000,-77.533330,"(35.55, -77.53333)"
Favars,10078,Valid,H5,1500,Fell,01/01/1844 12:00:00 AM,44.383330,2.816670,"(44.38333, 2.81667)"
Fayetteville,10079,Valid,H4,2360,Fell,01/01/1934 12:00:00 AM,36.050000,-94.166670,"(36.05, -94.16667)"
Feid Chair,10080,Valid,H4,380,Fell,01/01/1875 12:00:00 AM,36.883330,8.450000,"(36.88333, 8.45)"
Felix,10081,Valid,CO3.3,3200,Fell,01/01/1900 12:00:00 AM,32.533330,-87.166670,"(32.53333, -87.16667)"
Fenghsien-Ku,10086,Valid,H5,82,Fell,01/01/1924 12:00:00 AM,34.600000,116.750000,"(34.6, 116.75)"
Ferguson,10088,Valid,OC,220,Fell,01/01/1889 12:00:00 AM,36.100000,-81.416670,"(36.1, -81.41667)"
Fermo,10091,Valid,H3-5,10200,Fell,01/01/1996 12:00:00 AM,43.181110,13.753330,"(43.18111, 13.75333)"
Fisher,10107,Valid,L6,17600,Fell,01/01/1894 12:00:00 AM,47.816670,-96.850000,"(47.81667, -96.85)"
Florence,10111,Valid,H3,3640,Fell,01/01/1922 12:00:00 AM,30.833330,-97.766670,"(30.83333, -97.76667)"
Forest City,10119,Valid,H5,152000,Fell,01/01/1890 12:00:00 AM,43.250000,-93.666670,"(43.25, -93.66667)"
Forest Vale,10120,Valid,H4,26000,Fell,01/01/1942 12:00:00 AM,-33.350000,146.858330,"(-33.35, 146.85833)"
Forksville,10123,Valid,L6,6067,Fell,01/01/1924 12:00:00 AM,36.783330,-78.083330,"(36.78333, -78.08333)"
Forsbach,10163,Valid,H6,240,Fell,01/01/1900 12:00:00 AM,50.950000,7.316670,"(50.95, 7.31667)"
Forsyth,10164,Valid,L6,16300,Fell,01/01/1829 12:00:00 AM,33.016670,-83.966670,"(33.01667, -83.96667)"
Fort Flatters,10166,Valid,Stone-uncl,,Fell,01/01/1944 12:00:00 AM,28.250000,7.000000,"(28.25, 7.0)"
Frankfort (stone),10177,Valid,Howardite,650,Fell,01/01/1868 12:00:00 AM,34.483330,-87.833330,"(34.48333, -87.83333)"
Fuhe,52412,Valid,L5,23000,Fell,01/01/1945 12:00:00 AM,31.475560,113.566940,"(31.47556, 113.56694)"
Fukutomi,10836,Valid,L5,11620,Fell,01/01/1882 12:00:00 AM,33.183330,130.200000,"(33.18333, 130.2)"
Fünen,10838,Valid,Stone-uncl,,Fell,01/01/1654 12:00:00 AM,55.333330,10.333330,"(55.33333, 10.33333)"
Futtehpur,10839,Valid,L6,4000,Fell,01/01/1822 12:00:00 AM,25.950000,80.816670,"(25.95, 80.81667)"
Fuyang,10840,Valid,Stone-uncl,2500,Fell,01/01/1977 12:00:00 AM,32.900000,115.900000,"(32.9, 115.9)"
Galapian,10846,Valid,H6,132.69999999999999,Fell,01/01/1826 12:00:00 AM,44.300000,0.400000,"(44.3, 0.4)"
Galim (a),10848,Valid,LL6,36.1,Fell,01/01/1952 12:00:00 AM,7.050000,12.433330,"(7.05, 12.43333)"
Galim (b),10849,Valid,EH3/4-an,28,Fell,01/01/1952 12:00:00 AM,7.050000,12.433330,"(7.05, 12.43333)"
Galkiv,10850,Valid,H4,5000,Fell,01/01/1995 12:00:00 AM,51.683330,30.783330,"(51.68333, 30.78333)"
Gambat,10851,Valid,L6,6400,Fell,01/01/1897 12:00:00 AM,27.350000,68.533330,"(27.35, 68.53333)"
Gao-Guenie,10854,Valid,H5,,Fell,01/01/1960 12:00:00 AM,11.650000,-2.183330,"(11.65, -2.18333)"
Garhi Yasin,10860,Valid,"Iron, IIE",380,Fell,01/01/1917 12:00:00 AM,27.883330,68.533330,"(27.88333, 68.53333)"
Garland,10861,Valid,Diogenite-pm,102,Fell,01/01/1950 12:00:00 AM,41.683330,-112.133330,"(41.68333, -112.13333)"
Gashua,44882,Valid,L6,4162,Fell,01/01/1984 12:00:00 AM,12.850000,11.033330,"(12.85, 11.03333)"
Gasseltepaoua,10866,Valid,H5,,Fell,01/01/2000 12:00:00 AM,14.150830,-2.041670,"(14.15083, -2.04167)"
Geidam,10870,Valid,H5,725,Fell,01/01/1950 12:00:00 AM,12.916670,11.916670,"(12.91667, 11.91667)"
Gifu,10914,Valid,L6,14290,Fell,01/01/1909 12:00:00 AM,35.533330,136.883330,"(35.53333, 136.88333)"
Girgenti,10917,Valid,L6,18000,Fell,01/01/1853 12:00:00 AM,37.316670,13.566670,"(37.31667, 13.56667)"
Git-Git,10919,Valid,L6,480,Fell,01/01/1947 12:00:00 AM,9.600000,9.916670,"(9.6, 9.91667)"
Glanerbrug,10923,Valid,L/LL5,670,Fell,01/01/1990 12:00:00 AM,52.200000,6.866670,"(52.2, 6.86667)"
Glanggang,10924,Valid,H5-6,1303,Fell,01/01/1939 12:00:00 AM,-7.250000,107.700000,"(-7.25, 107.7)"
Glasatovo,10926,Valid,H4,152000,Fell,01/01/1918 12:00:00 AM,57.350000,37.616670,"(57.35, 37.61667)"
Glatton,10930,Valid,L6,767,Fell,01/01/1991 12:00:00 AM,52.459720,-0.300000,"(52.45972, -0.3)"
Gnadenfrei,10936,Valid,H5,1750,Fell,01/01/1879 12:00:00 AM,50.666670,16.766670,"(50.66667, 16.76667)"
Gopalpur,10948,Valid,H6,1600,Fell,01/01/1865 12:00:00 AM,24.233330,89.050000,"(24.23333, 89.05)"
Gorlovka,10949,Valid,H3.7,3618,Fell,01/01/1974 12:00:00 AM,48.283330,38.083330,"(48.28333, 38.08333)"
Granes,10956,Valid,L6,9000,Fell,01/01/1964 12:00:00 AM,42.900000,2.250000,"(42.9, 2.25)"
Grefsheim,11196,Valid,L5,45.5,Fell,01/01/1976 12:00:00 AM,60.666670,11.000000,"(60.66667, 11.0)"
Grimsby,50911,Valid,H5,215,Fell,01/01/2009 12:00:00 AM,43.200000,-79.616670,"(43.2, -79.61667)"
Grosnaja,11206,Valid,CV3,3500,Fell,01/01/1861 12:00:00 AM,43.666670,45.383330,"(43.66667, 45.38333)"
Gross-Divina,11207,Valid,H5,10500,Fell,01/01/1837 12:00:00 AM,49.266670,18.716670,"(49.26667, 18.71667)"
Grossliebenthal,11208,Valid,L6,8000,Fell,01/01/1881 12:00:00 AM,46.350000,30.583330,"(46.35, 30.58333)"
Grüneberg,11426,Valid,H4,1000,Fell,01/01/1841 12:00:00 AM,51.933330,15.500000,"(51.93333, 15.5)"
Grzempach,11429,Valid,H5,690,Fell,01/01/1910 12:00:00 AM,52.866670,16.633330,"(52.86667, 16.63333)"
Gualeguaychú,11432,Valid,H6,22000,Fell,01/01/1932 12:00:00 AM,-33.000000,-58.616670,"(-33.0, -58.61667)"
Guangmingshan,11435,Valid,H5,2910,Fell,01/01/1996 12:00:00 AM,39.804170,122.763890,"(39.80417, 122.76389)"
Guangnan,11436,Valid,L6,,Fell,01/01/1983 12:00:00 AM,24.100000,105.000000,"(24.1, 105.0)"
Guangrao,11437,Valid,L6,1900,Fell,01/01/1980 12:00:00 AM,37.100000,118.400000,"(37.1, 118.4)"
Guareña,11439,Valid,H6,39000,Fell,01/01/1892 12:00:00 AM,38.733330,-6.016670,"(38.73333, -6.01667)"
Guêa,11440,Valid,Stone-uncl,1915,Fell,01/01/1891 12:00:00 AM,43.766670,20.233330,"(43.76667, 20.23333)"
Guibga,11442,Valid,L5,288,Fell,01/01/1972 12:00:00 AM,13.500000,-0.683330,"(13.5, -0.68333)"
Guidder,11443,Valid,LL5,968,Fell,01/01/1949 12:00:00 AM,9.916670,13.983330,"(9.91667, 13.98333)"
Gujargaon,11448,Valid,H5,2449,Fell,01/01/1982 12:00:00 AM,22.983330,76.050000,"(22.98333, 76.05)"
Gujba,11449,Valid,CBa,100000,Fell,01/01/1984 12:00:00 AM,11.491670,11.658330,"(11.49167, 11.65833)"
Gumoschnik,11450,Valid,H5,5700,Fell,01/01/1904 12:00:00 AM,42.900000,24.700000,"(42.9, 24.7)"
Gurram Konda,11464,Valid,L6,28,Fell,01/01/1814 12:00:00 AM,13.783330,78.566670,"(13.78333, 78.56667)"
Gursum,11465,Valid,H4/5,34650,Fell,01/01/1981 12:00:00 AM,9.366670,42.416670,"(9.36667, 42.41667)"
Gütersloh,11466,Valid,H3/4,1000,Fell,01/01/1851 12:00:00 AM,51.916670,8.383330,"(51.91667, 8.38333)"
Gyokukei,11467,Valid,OC,1320,Fell,01/01/1930 12:00:00 AM,35.000000,127.500000,"(35.0, 127.5)"
Hachi-oji,11468,Valid,H?,0.2,Fell,01/01/1817 12:00:00 AM,35.650000,139.333330,"(35.65, 139.33333)"
Hainaut,11472,Valid,H3-6,9000,Fell,01/01/1934 12:00:00 AM,50.316670,3.733330,"(50.31667, 3.73333)"
Hallingeberg,11479,Valid,L3.4,1456,Fell,01/01/1944 12:00:00 AM,57.816670,16.233330,"(57.81667, 16.23333)"
Hamlet,11485,Valid,LL4,3710,Fell,01/01/1959 12:00:00 AM,41.383330,-86.600000,"(41.38333, -86.6)"
Haraiya,11824,Valid,Eucrite-mmict,1000,Fell,01/01/1878 12:00:00 AM,26.800000,82.533330,"(26.8, 82.53333)"
Haripura,11829,Valid,CM2,315,Fell,01/01/1921 12:00:00 AM,28.383330,75.783330,"(28.38333, 75.78333)"
Harleton,11830,Valid,L6,8360,Fell,01/01/1961 12:00:00 AM,32.675000,-94.511670,"(32.675, -94.51167)"
Harrison County,11842,Valid,L6,680,Fell,01/01/1859 12:00:00 AM,38.250000,-86.166670,"(38.25, -86.16667)"
Hashima,11848,Valid,H4,1110.5999999999999,Fell,01/01/1910 12:00:00 AM,35.294500,136.700330,"(35.2945, 136.70033)"
Hassi-Jekna,11852,Valid,"Iron, IAB-sHL",1250,Fell,01/01/1890 12:00:00 AM,28.950000,0.816670,"(28.95, 0.81667)"
Hatford,11855,Valid,Stone-uncl,29000,Fell,01/01/1628 12:00:00 AM,51.650000,-1.516670,"(51.65, -1.51667)"
Haverö,11859,Valid,Ureilite,1544,Fell,01/01/1971 12:00:00 AM,60.245560,22.061940,"(60.24556, 22.06194)"
Hedeskoga,11869,Valid,H5,3500,Fell,01/01/1922 12:00:00 AM,55.466670,13.783330,"(55.46667, 13.78333)"
Hedjaz,11870,Valid,L3.7-6,6100,Fell,01/01/1910 12:00:00 AM,27.333330,35.666670,"(27.33333, 35.66667)"
Heredia,11875,Valid,H5,1000,Fell,01/01/1857 12:00:00 AM,10.000000,-84.100000,"(10.0, -84.1)"
Hessle,11878,Valid,H5,20000,Fell,01/01/1869 12:00:00 AM,59.850000,17.666670,"(59.85, 17.66667)"
Higashi-koen,11883,Valid,H5,750,Fell,01/01/1897 12:00:00 AM,33.600000,130.433330,"(33.6, 130.43333)"
High Possil,11884,Valid,L6,4500,Fell,01/01/1804 12:00:00 AM,55.900000,-4.233330,"(55.9, -4.23333)"
Hiroshima,11889,Valid,H5,414,Fell,01/01/2003 12:00:00 AM,34.450000,132.383330,"(34.45, 132.38333)"
Hoima,44714,Valid,H6,167.7,Fell,01/01/2003 12:00:00 AM,1.345000,31.472780,"(1.345, 31.47278)"
Hökmark,11893,Valid,L4,305.5,Fell,01/01/1954 12:00:00 AM,64.433330,21.200000,"(64.43333, 21.2)"
Holbrook,11894,Valid,L/LL6,220000,Fell,01/01/1912 12:00:00 AM,34.900000,-110.183330,"(34.9, -110.18333)"
Holetta,11895,Valid,Stone-uncl,1415,Fell,01/01/1923 12:00:00 AM,9.066670,38.416670,"(9.06667, 38.41667)"
Homestead,11901,Valid,L5,230000,Fell,01/01/1875 12:00:00 AM,41.800000,-91.866670,"(41.8, -91.86667)"
Honolulu,11904,Valid,L5,2420,Fell,01/01/1825 12:00:00 AM,21.300000,-157.866670,"(21.3, -157.86667)"